slug	title	models
blaster	Blaster Kit	40
blocky-characters	Blocky Characters	18
brick	Brick Kit	296
building	Building Kit	79
car	Car Kit	50
castle	Castle Kit	76
city-commercial	City Kit - Commercial	41
city-industrial	City Kit - Industrial	25
city-roads	City Kit - Roads	72
city-suburban	City Kit - Suburban	40
coaster	Coaster Kit	183
cube-pets	Cube Pets	24
factory	Factory Kit	143
fantasy-town	Fantasy Town Kit	167
food	Food Kit	200
furniture	Furniture Kit	140
graveyard	Graveyard Kit	91
hexagon	Hexagon Kit	72
holiday	Holiday Kit	99
marble	Marble Kit	162
mini-arcade	Mini Arcade	20
mini-arena	Mini Arena	22
mini-characters	Mini Characters	26
mini-dungeon	Mini Dungeon	25
mini-forest	Mini Forest	22
mini-market	Mini Market	20
mini-skate	Mini Skate	20
minigolf	Minigolf Kit	126
modular-buildings	Modular Buildings	108
modular-cave	Modular Cave Kit	40
modular-dungeon	Modular Dungeon Kit	39
modular-space	Modular Space Kit	40
nature	Nature Kit	329
pirate	Pirate Kit	72
platformer	Platformer Kit	153
prototype	Prototype Kit	145
racing	Racing Kit	112
retro-fantasy	Retro Fantasy Kit	105
retro-urban	Retro Urban Kit	124
road	Road Pack	294
space	Space Kit	153
space-station	Space Station Kit	97
survival	Survival Kit	80
tower-defense-classic	Tower Defense (Classic)	119
tower-defense	Tower Defense Kit	160
toy-car	Toy Car Kit	157
train	Train Kit	103
watercraft	Watercraft Pack	46
weapon	Weapon Pack	37
